{"count":1,"self":460.2497024,"total":1069.9395511999999,"children":{"InitializeActuators":{"count":2,"self":0.0045301,"total":0.0045301,"children":null},"InitializeSensors":{"count":2,"self":0.0025120999999999997,"total":0.0025120999999999997,"children":null},"AgentSendState":{"count":251184,"self":0.794434,"total":2.8549791,"children":{"CollectObservations":{"count":50237,"self":0.2061496,"total":0.2061496,"children":null},"WriteActionMask":{"count":50237,"self":0.0698821,"total":0.0698821,"children":null},"RequestDecision":{"count":50237,"self":0.41442029999999996,"total":1.7845134,"children":{"AgentInfo.ToProto":{"count":50237,"self":0.5797012,"total":1.3700930999999998,"children":{"GenerateSensorData":{"count":50237,"self":0.79039189999999993,"total":0.79039189999999993,"children":null}}}}}}},"DecideAction":{"count":251184,"self":603.63479039999993,"total":603.63477579999994,"children":null},"AgentAct":{"count":251184,"self":3.128717,"total":3.1867297999999997,"children":{"AgentInfo.ToProto":{"count":2193,"self":0.0258912,"total":0.058012799999999996,"children":{"GenerateSensorData":{"count":2193,"self":0.0321216,"total":0.0321216,"children":null}}}}}},"gauges":{"RollerBallWithNegativeReward.CumulativeReward":{"count":2193,"max":2,"min":-1,"runningAverage":0.766530037,"value":1,"weightedAverage":1.03284109}},"metadata":{"timer_format_version":"0.1.0","start_time_seconds":"1696146156","unity_version":"2022.3.1f1","command_line_arguments":"C:\/Program Files\/Unity 2022.3.1f1\/Editor\/Unity.exe -projectpath C:\\Users\\DELL\\Desktop\\RollerBall -useHub -hubIPC -cloudEnvironment production -licensingIpc LicenseClient-DELL -hubSessionId 7c1309a7-d79f-435a-a938-5885805a0d7e","communication_protocol_version":"1.5.0","com.unity.ml-agents_version":"2.0.1","scene_name":"SampleScene","end_time_seconds":"1696147225"}}