{"cameraMode":{"drawMode":0,"name":"Shaded","section":"Shading Mode"},"sceneLighting":false,"audioPlay":false,"sceneViewState":{"showFog":true,"showMaterialUpdate":true,"showSkybox":false,"showFlares":true,"showImageEffects":true,"showParticleSystems":true},"in2DMode":false,"pivot":{"x":7.960000038146973,"y":2.0199999809265138,"z":0.5400000214576721},"rotation":{"x":0.08634189516305924,"y":-0.6638520956039429,"z":0.07756175100803375,"w":0.7388206720352173},"size":0.25980761647224429,"orthographic":false}