{"cameraMode":{"drawMode":0,"name":"Shaded","section":"Shading Mode"},"sceneLighting":true,"audioPlay":false,"sceneViewState":{"showFog":true,"showMaterialUpdate":true,"showSkybox":true,"showFlares":true,"showImageEffects":true,"showParticleSystems":true},"in2DMode":false,"pivot":{"x":-2.3618946075439455,"y":-2.8816394805908205,"z":-0.6698610782623291},"rotation":{"x":0.23173677921295167,"y":-0.6967757344245911,"z":0.25696325302124026,"w":0.6283313632011414},"size":4.499807834625244,"orthographic":false}