{"count":1,"self":2095.7587456,"total":5303.45985,"children":{"InitializeActuators":{"count":2,"self":0.0035248,"total":0.0035248,"children":null},"InitializeSensors":{"count":2,"self":0.0035280999999999997,"total":0.0035280999999999997,"children":null},"AgentSendState":{"count":1233017,"self":4.016768,"total":13.9545251,"children":{"CollectObservations":{"count":246604,"self":1.1688049999999999,"total":1.1688049999999999,"children":null},"WriteActionMask":{"count":246604,"self":0.3087359,"total":0.3087359,"children":null},"RequestDecision":{"count":246604,"self":1.841715,"total":8.4602159999999991,"children":{"AgentInfo.ToProto":{"count":246604,"self":2.5182819999999997,"total":6.6185009999999993,"children":{"GenerateSensorData":{"count":246604,"self":4.1002192,"total":4.1002190999999995,"children":null}}}}}}},"DecideAction":{"count":1233017,"self":3178.1255168,"total":3178.1255437,"children":null},"AgentAct":{"count":1233017,"self":15.1772352,"total":15.6084871,"children":{"AgentInfo.ToProto":{"count":16904,"self":0.16315549999999998,"total":0.43125149999999995,"children":{"GenerateSensorData":{"count":16904,"self":0.268096,"total":0.268096,"children":null}}}}}},"gauges":{"RollerBall.CumulativeReward":{"count":16904,"max":2,"min":0,"runningAverage":1.04252875,"value":1,"weightedAverage":0.999684453}},"metadata":{"timer_format_version":"0.1.0","start_time_seconds":"1696223296","unity_version":"2022.3.1f1","command_line_arguments":"C:\/Program Files\/Unity 2022.3.1f1\/Editor\/Unity.exe -projectpath C:\\Users\\DELL\\Desktop\\RollerBall -useHub -hubIPC -cloudEnvironment production -licensingIpc LicenseClient-DELL -hubSessionId 04dc4417-8354-41b6-aa90-2abb67efb5b6 -accessToken IWvwNjFaPdJGeJk8ItLBQ-6fovEQ1ScK3DUQVm6rN8k00cf","communication_protocol_version":"1.5.0","com.unity.ml-agents_version":"2.0.1","scene_name":"SampleScene","end_time_seconds":"1696228599"}}